{
  "project_info": {
    "project_number": "944370327976",
    "project_id": "part5-shoppingmall",
    "storage_bucket": "part5-shoppingmall.appspot.com"
  },
  "client": [
    {
      "client_info": {
        "mobilesdk_app_id": "1:944370327976:android:d20faeeede82169b21fd9d",
        "android_client_info": {
          "package_name": "com.chlqudco.develop.shoppingmall"
        }
      },
      "oauth_client": [
        {
          "client_id": "944370327976-f0ed872st7ujoaojmm2snigd40r00kq9.apps.googleusercontent.com",
          "client_type": 1,
          "android_info": {
            "package_name": "com.chlqudco.develop.shoppingmall",
            "certificate_hash": "37438d2db6a831a48e1da1e293ab199b83b95c77"
          }
        },
        {
          "client_id": "944370327976-5qo9o75ah6dsm6kp87ltc4vc33s83g9q.apps.googleusercontent.com",
          "client_type": 3
        }
      ],
      "api_key": [
        {
          "current_key": "AIzaSyBnw7f4ZviYxTq_ww3O8BIlx03o5OgRjXw"
        }
      ],
      "services": {
        "appinvite_service": {
          "other_platform_oauth_client": [
            {
              "client_id": "944370327976-5qo9o75ah6dsm6kp87ltc4vc33s83g9q.apps.googleusercontent.com",
              "client_type": 3
            }
          ]
        }
      }
    }
  ],
  "configuration_version": "1"
}