{
  "project_info": {
    "project_number": "722460627521",
    "project_id": "part3-todaygoodsentense",
    "storage_bucket": "part3-todaygoodsentense.appspot.com"
  },
  "client": [
    {
      "client_info": {
        "mobilesdk_app_id": "1:722460627521:android:4eb36eea3279208ae66cc0",
        "android_client_info": {
          "package_name": "com.chlqudco.develop.todaygoodsentence"
        }
      },
      "oauth_client": [
        {
          "client_id": "722460627521-5pchmqo43b383eev2n6b5imp319qpqrb.apps.googleusercontent.com",
          "client_type": 3
        }
      ],
      "api_key": [
        {
          "current_key": "AIzaSyAUTVaioUyl0fTBm1wDuA6ZcII0QHQv9nA"
        }
      ],
      "services": {
        "appinvite_service": {
          "other_platform_oauth_client": [
            {
              "client_id": "722460627521-5pchmqo43b383eev2n6b5imp319qpqrb.apps.googleusercontent.com",
              "client_type": 3
            }
          ]
        }
      }
    }
  ],
  "configuration_version": "1"
}