{
  "project_info": {
    "project_number": "64202510551",
    "firebase_url": "https://part3-tinder-d4046-default-rtdb.firebaseio.com",
    "project_id": "part3-tinder-d4046",
    "storage_bucket": "part3-tinder-d4046.appspot.com"
  },
  "client": [
    {
      "client_info": {
        "mobilesdk_app_id": "1:64202510551:android:1d4bed590bdf59f99ee092",
        "android_client_info": {
          "package_name": "com.chlqudco.develop.tinder"
        }
      },
      "oauth_client": [
        {
          "client_id": "64202510551-lr9iskd0loksnc1qg56jvck3v1r1ir2a.apps.googleusercontent.com",
          "client_type": 3
        }
      ],
      "api_key": [
        {
          "current_key": "AIzaSyBq0BF9-1A4dvDw54xtEqhDquHQaMUS6kc"
        }
      ],
      "services": {
        "appinvite_service": {
          "other_platform_oauth_client": [
            {
              "client_id": "64202510551-lr9iskd0loksnc1qg56jvck3v1r1ir2a.apps.googleusercontent.com",
              "client_type": 3
            }
          ]
        }
      }
    }
  ],
  "configuration_version": "1"
}