{
  "project_info": {
    "project_number": "734828154162",
    "project_id": "part3-pushalarm",
    "storage_bucket": "part3-pushalarm.appspot.com"
  },
  "client": [
    {
      "client_info": {
        "mobilesdk_app_id": "1:734828154162:android:efb3477bc1b89e1d159b2b",
        "android_client_info": {
          "package_name": "com.chlqudco.develop.pushalarmreceiver"
        }
      },
      "oauth_client": [
        {
          "client_id": "734828154162-62cm5jcpo0fcpr1h56npui0285156okt.apps.googleusercontent.com",
          "client_type": 3
        }
      ],
      "api_key": [
        {
          "current_key": "AIzaSyArglvbglTvLCzKi9uGNGVgFub2NXHMyHA"
        }
      ],
      "services": {
        "appinvite_service": {
          "other_platform_oauth_client": [
            {
              "client_id": "734828154162-62cm5jcpo0fcpr1h56npui0285156okt.apps.googleusercontent.com",
              "client_type": 3
            }
          ]
        }
      }
    }
  ],
  "configuration_version": "1"
}