{
  "project_info": {
    "project_number": "1063280698590",
    "firebase_url": "https://part5-carrotmarket2-default-rtdb.firebaseio.com",
    "project_id": "part5-carrotmarket2",
    "storage_bucket": "part5-carrotmarket2.appspot.com"
  },
  "client": [
    {
      "client_info": {
        "mobilesdk_app_id": "1:1063280698590:android:513deb2e30ab44995d4e4f",
        "android_client_info": {
          "package_name": "com.chlqudco.develop.carrotmarket2"
        }
      },
      "oauth_client": [
        {
          "client_id": "1063280698590-5c8h7pu2apltm18jnvv7dgd2q2rrfs9n.apps.googleusercontent.com",
          "client_type": 3
        }
      ],
      "api_key": [
        {
          "current_key": "AIzaSyC1QoTM5ANR_SXzwMtlTF3MBJcLLLw8cIo"
        }
      ],
      "services": {
        "appinvite_service": {
          "other_platform_oauth_client": [
            {
              "client_id": "1063280698590-5c8h7pu2apltm18jnvv7dgd2q2rrfs9n.apps.googleusercontent.com",
              "client_type": 3
            }
          ]
        }
      }
    }
  ],
  "configuration_version": "1"
}