{
  "project_info": {
    "project_number": "722588202502",
    "firebase_url": "https://part3-carrotmarket-default-rtdb.firebaseio.com",
    "project_id": "part3-carrotmarket",
    "storage_bucket": "part3-carrotmarket.appspot.com"
  },
  "client": [
    {
      "client_info": {
        "mobilesdk_app_id": "1:722588202502:android:76e051c3a7dc4db2573587",
        "android_client_info": {
          "package_name": "com.chlqudco.develop.market"
        }
      },
      "oauth_client": [
        {
          "client_id": "722588202502-qhrraacufp4d6d2s3k8k56alttnupk7p.apps.googleusercontent.com",
          "client_type": 3
        }
      ],
      "api_key": [
        {
          "current_key": "AIzaSyAyNT1GbNdAT7jbcqm0nGN1zvWdk57CNLU"
        }
      ],
      "services": {
        "appinvite_service": {
          "other_platform_oauth_client": [
            {
              "client_id": "722588202502-qhrraacufp4d6d2s3k8k56alttnupk7p.apps.googleusercontent.com",
              "client_type": 3
            }
          ]
        }
      }
    }
  ],
  "configuration_version": "1"
}