{
  "project_info": {
    "project_number": "632789191329",
    "firebase_url": "https://part5-moviereview-5e7af-default-rtdb.firebaseio.com",
    "project_id": "part5-moviereview-5e7af",
    "storage_bucket": "part5-moviereview-5e7af.appspot.com"
  },
  "client": [
    {
      "client_info": {
        "mobilesdk_app_id": "1:632789191329:android:7d6c0455684b7e4f67bee0",
        "android_client_info": {
          "package_name": "fastcampus.aop.part5.chapter07"
        }
      },
      "oauth_client": [
        {
          "client_id": "632789191329-dd4j1r359vevkv31ftsj1873lrgrsc0m.apps.googleusercontent.com",
          "client_type": 3
        }
      ],
      "api_key": [
        {
          "current_key": "AIzaSyBwmlsNleE8hljOMPGtEU8nBIibM2BV7oM"
        }
      ],
      "services": {
        "appinvite_service": {
          "other_platform_oauth_client": [
            {
              "client_id": "632789191329-dd4j1r359vevkv31ftsj1873lrgrsc0m.apps.googleusercontent.com",
              "client_type": 3
            }
          ]
        }
      }
    }
  ],
  "configuration_version": "1"
}