{
  "project_info": {
    "project_number": "825865777185",
    "firebase_url": "https://carrotmarket-b35f1-default-rtdb.firebaseio.com",
    "project_id": "carrotmarket-b35f1",
    "storage_bucket": "carrotmarket-b35f1.appspot.com"
  },
  "client": [
    {
      "client_info": {
        "mobilesdk_app_id": "1:825865777185:android:f45013f8b23db31e2c7360",
        "android_client_info": {
          "package_name": "com.chlqudco.develop.market"
        }
      },
      "oauth_client": [
        {
          "client_id": "825865777185-itvgcn8tvj8citla8e053vhppk6ovuc0.apps.googleusercontent.com",
          "client_type": 3
        }
      ],
      "api_key": [
        {
          "current_key": "AIzaSyDAb8OKX-8PHz-KlYzGD9efTLtAgf-Sxsg"
        }
      ],
      "services": {
        "appinvite_service": {
          "other_platform_oauth_client": [
            {
              "client_id": "825865777185-itvgcn8tvj8citla8e053vhppk6ovuc0.apps.googleusercontent.com",
              "client_type": 3
            }
          ]
        }
      }
    },
    {
      "client_info": {
        "mobilesdk_app_id": "1:825865777185:android:d789b275e58fd4d72c7360",
        "android_client_info": {
          "package_name": "com.chlqudco.develop.tinder"
        }
      },
      "oauth_client": [
        {
          "client_id": "825865777185-itvgcn8tvj8citla8e053vhppk6ovuc0.apps.googleusercontent.com",
          "client_type": 3
        }
      ],
      "api_key": [
        {
          "current_key": "AIzaSyDAb8OKX-8PHz-KlYzGD9efTLtAgf-Sxsg"
        }
      ],
      "services": {
        "appinvite_service": {
          "other_platform_oauth_client": [
            {
              "client_id": "825865777185-itvgcn8tvj8citla8e053vhppk6ovuc0.apps.googleusercontent.com",
              "client_type": 3
            }
          ]
        }
      }
    }
  ],
  "configuration_version": "1"
}