{
  "project_info": {
    "project_number": "965151047373",
    "project_id": "part5-subway",
    "storage_bucket": "part5-subway.appspot.com"
  },
  "client": [
    {
      "client_info": {
        "mobilesdk_app_id": "1:965151047373:android:66a4cb8133b43b6861b384",
        "android_client_info": {
          "package_name": "fastcampus.aop.part5.chapter05"
        }
      },
      "oauth_client": [
        {
          "client_id": "965151047373-9tadlfvl50lkui4lg7sri2rqom7eq7hi.apps.googleusercontent.com",
          "client_type": 3
        }
      ],
      "api_key": [
        {
          "current_key": "AIzaSyAYAbTKjc9iwYhmSvIcMedRzReGUqXGAOU"
        }
      ],
      "services": {
        "appinvite_service": {
          "other_platform_oauth_client": [
            {
              "client_id": "965151047373-9tadlfvl50lkui4lg7sri2rqom7eq7hi.apps.googleusercontent.com",
              "client_type": 3
            }
          ]
        }
      }
    }
  ],
  "configuration_version": "1"
}